V1,V2,V3,V4,V5,V6,V7,V8,V9,V10,mTurkCode,Q1,Q2,Q3,Q4,Q5,Q6,Q7,Q8,Q9,Q10,Q11,Q12_1_1_TEXT,Q12_1_2_TEXT,Q12_1_3_TEXT,Q13,Q14_1_1_TEXT,Q14_1_2_TEXT,Q14_1_3_TEXT,Q15_1_1_TEXT,Q15_1_2_TEXT,Q15_1_3_TEXT,Q16_1_1_TEXT,Q16_1_2_TEXT,Q16_1_3_TEXT,Q17_1_1_TEXT,Q17_1_2_TEXT,Q17_1_3_TEXT,Q18_1_1_TEXT,Q18_1_2_TEXT,Q18_1_3_TEXT,Q19_1_1_TEXT,Q19_1_2_TEXT,Q19_1_3_TEXT,Q20_1_1_TEXT,Q20_1_2_TEXT,Q20_1_3_TEXT,Q21_1_1_TEXT,Q21_1_2_TEXT,Q21_1_3_TEXT,Q22_1_1_TEXT,Q22_1_2_TEXT,Q22_1_3_TEXT,Q23_1_1_TEXT,Q23_1_2_TEXT,Q23_1_3_TEXT,Q24_1_1_TEXT,Q24_1_2_TEXT,Q24_1_3_TEXT,Q25_1_1_TEXT,Q25_1_2_TEXT,Q25_1_3_TEXT,Q26_1_1_TEXT,Q26_1_2_TEXT,Q26_1_3_TEXT,Q27_1_1_TEXT,Q27_1_2_TEXT,Q27_1_3_TEXT,Q28_1_1_TEXT,Q28_1_2_TEXT,Q28_1_3_TEXT,Q29_1_1_TEXT,Q29_1_2_TEXT,Q29_1_3_TEXT,Q30_1_1_TEXT,Q30_1_2_TEXT,Q30_1_3_TEXT,Q31_1_1_TEXT,Q31_1_2_TEXT,Q31_1_3_TEXT,Q32_1_1_TEXT,Q32_1_2_TEXT,Q32_1_3_TEXT,Q33_1_1_TEXT,Q33_1_2_TEXT,Q33_1_3_TEXT,Q34_1_1_TEXT,Q34_1_2_TEXT,Q34_1_3_TEXT,Q35_1_1_TEXT,Q35_1_2_TEXT,Q35_1_3_TEXT,Q36_1_1_TEXT,Q36_1_2_TEXT,Q36_1_3_TEXT,Q37_1_1_TEXT,Q37_1_2_TEXT,Q37_1_3_TEXT,Q38_1_1_TEXT,Q38_1_2_TEXT,Q38_1_3_TEXT,Q39_1_1_TEXT,Q39_1_2_TEXT,Q39_1_3_TEXT,Q40_1_1_TEXT,Q40_1_2_TEXT,Q40_1_3_TEXT,Q41_1_1_TEXT,Q41_1_2_TEXT,Q41_1_3_TEXT,Q42_1_1_TEXT,Q42_1_2_TEXT,Q42_1_3_TEXT,Q43_1_1_TEXT,Q43_1_2_TEXT,Q43_1_3_TEXT,Q44_1_1_TEXT,Q44_1_2_TEXT,Q44_1_3_TEXT,Q45_1_1_TEXT,Q45_1_2_TEXT,Q45_1_3_TEXT,Q46_1_1_TEXT,Q46_1_2_TEXT,Q46_1_3_TEXT,Q47_1_1_TEXT,Q47_1_2_TEXT,Q47_1_3_TEXT,Q48_1_1_TEXT,Q48_1_2_TEXT,Q48_1_3_TEXT,Q49_1_1_TEXT,Q49_1_2_TEXT,Q49_1_3_TEXT,Q50,Q51,Q52,Q53_1,Q53_2,Q53_3,Q53_4,Q53_5,Q53_6,Q53_7,Q53_7_TEXT,Q54,Q55,Q55_TEXT,Q56,Q57,Q58,Q59,Q60,Q60_TEXT,Q61,Q61_TEXT,Q62,Q63,Q63_1_1_TEXT,Q63_1_2_TEXT,Q63_1_3_TEXT,Q64_1_1_TEXT,Q64_1_2_TEXT,Q64_1_3_TEXT,Q65_1_1_TEXT,Q65_1_2_TEXT,Q65_1_3_TEXT,Q66_1_1_TEXT,Q66_1_2_TEXT,Q66_1_3_TEXT,Q67_1_1_TEXT,Q67_1_2_TEXT,Q67_1_3_TEXT,Q68_1_1_TEXT,Q68_1_2_TEXT,Q68_1_3_TEXT,Q13.1,Q69_1_1_TEXT,Q69_1_2_TEXT,Q69_1_3_TEXT,Q70_1_1_TEXT,Q70_1_2_TEXT,Q70_1_3_TEXT,Q71_1_1_TEXT,Q71_1_2_TEXT,Q71_1_3_TEXT,Q72_1_1_TEXT,Q72_1_2_TEXT,Q72_1_3_TEXT,Q73_1_1_TEXT,Q73_1_2_TEXT,Q73_1_3_TEXT,Q74_1_1_TEXT,Q74_1_2_TEXT,Q74_1_3_TEXT,Q75_1_1_TEXT,Q75_1_2_TEXT,Q75_1_3_TEXT,Q76_1_1_TEXT,Q76_1_2_TEXT,Q76_1_3_TEXT,Q77_1_1_TEXT,Q77_1_2_TEXT,Q77_1_3_TEXT,Q78_1_1_TEXT,Q78_1_2_TEXT,Q78_1_3_TEXT,Q79_1_1_TEXT,Q79_1_2_TEXT,Q79_1_3_TEXT,Q80_1_1_TEXT,Q80_1_2_TEXT,Q80_1_3_TEXT,Q81_1_1_TEXT,Q81_1_2_TEXT,Q81_1_3_TEXT,Q82_1_1_TEXT,Q82_1_2_TEXT,Q82_1_3_TEXT,Q83_1_1_TEXT,Q83_1_2_TEXT,Q83_1_3_TEXT,Q84_1_1_TEXT,Q84_1_2_TEXT,Q84_1_3_TEXT,Q85_1_1_TEXT,Q85_1_2_TEXT,Q85_1_3_TEXT,Q86_1_1_TEXT,Q86_1_2_TEXT,Q86_1_3_TEXT,Q87_1_1_TEXT,Q87_1_2_TEXT,Q87_1_3_TEXT,Q88_1_1_TEXT,Q88_1_2_TEXT,Q88_1_3_TEXT,Q89_1_1_TEXT,Q89_1_2_TEXT,Q89_1_3_TEXT,Q90_1_1_TEXT,Q90_1_2_TEXT,Q90_1_3_TEXT,Q91_1_1_TEXT,Q91_1_2_TEXT,Q91_1_3_TEXT,Q92_1_1_TEXT,Q92_1_2_TEXT,Q92_1_3_TEXT,Q93_1_1_TEXT,Q93_1_2_TEXT,Q93_1_3_TEXT,Q94_1_1_TEXT,Q94_1_2_TEXT,Q94_1_3_TEXT,Q95_1_1_TEXT,Q95_1_2_TEXT,Q95_1_3_TEXT,Q96_1_1_TEXT,Q96_1_2_TEXT,Q96_1_3_TEXT,Q97_1_1_TEXT,Q97_1_2_TEXT,Q97_1_3_TEXT,Q98_1_1_TEXT,Q98_1_2_TEXT,Q98_1_3_TEXT,LocationLatitude,LocationLongitude,LocationAccuracy,
ResponseID,ResponseSet,Name,ExternalDataReference,EmailAddress,IPAddress,Status,StartDate,EndDate,Finished,mTurkCode,Reformulation Study Consent Form /  /   /    /  /   /  Thank you for participating! This study is being condu...,"Reformulation Study /  /  Thank you for participating in this /  study. With this survey, we are invest...","Instructions /  /  Part 1 /  /  When an event happens, people will /  often see it differently. Some people...",       / EXAMPLE: / Which is the more believable account of the event?,Which is the more believable account of the event?,Which is the more believable account of the event?,Which is the more believable account of the event?,Which is the more believable account of the event?,Which is the more believable account of the event?,Which is the more believable account of the event?,"Instructions /  /  Part 2 /  /  Next, you will see /  six ""accounts"" that you might hear about an /  event. /  Each account is the unbelievable version of the event. /  It is in some way ""wrong"" or ""off"" or ""incom...","EXAMPLE:-Choose <strong>one word </strong>to change and enter a new term in the box under it.-<div style=""float: left; width: auto;"">Lawyer</div>","EXAMPLE:-Choose <strong>one word </strong>to change and enter a new term in the box under it.-<div style=""float: left; width: auto;"">terrorized</div>","EXAMPLE:-Choose <strong>one word </strong>to change and enter a new term in the box under it.-<div style=""float: left; width: auto;"">client</div>","The account presented might be / ""wrong"" in a number of ways. It might include a simple / misconception or a mistake of the speaker's / interpretation of the event. Some word may be an / exaggeration or bi..."," -Choose <strong>one word</strong> to change and enter a new term in the box under it.-<div style=""float: left; width: auto;"">Bartender</div>"," -Choose <strong>one word</strong> to change and enter a new term in the box under it.-<div style=""float: left; width: auto;"">attacked</div>"," -Choose <strong>one word</strong> to change and enter a new term in the box under it.-<div style=""float: left; width: auto;"">bigot</div>"," -Choose <strong>one word </strong>to change and enter a new term in the box under it.-<div style=""float: left; width: auto;"">Boy-scout</div>"," -Choose <strong>one word </strong>to change and enter a new term in the box under it.-<div style=""float: left; width: auto;"">embarrassed</div>"," -Choose <strong>one word </strong>to change and enter a new term in the box under it.-<div style=""float: left; width: auto;"">sneak</div>"," -Choose <strong>one word </strong>to change and enter a new term in the box under it.-<div style=""float: left; width: auto;"">Bouncer</div>"," -Choose <strong>one word </strong>to change and enter a new term in the box under it.-<div style=""float: left; width: auto;"">guided</div>"," -Choose <strong>one word </strong>to change and enter a new term in the box under it.-<div style=""float: left; width: auto;"">drunk</div>"," -Choose <strong>one word </strong>to change and enter a new term in the box under it.-<div style=""float: left; width: auto;"">Playboy</div>"," -Choose <strong>one word </strong>to change and enter a new term in the box under it.-<div style=""float: left; width: auto;"">hoodwinked</div>"," -Choose <strong>one word </strong>to change and enter a new term in the box under it.-<div style=""float: left; width: auto;"">tightwad</div>"," -Choose <strong>one word </strong>to change and enter a new term in the box under it.-<div style=""float: left; width: auto;"">Psychiatrist</div>"," -Choose <strong>one word </strong>to change and enter a new term in the box under it.-<div style=""float: left; width: auto;"">inspired</div>"," -Choose <strong>one word </strong>to change and enter a new term in the box under it.-<div style=""float: left; width: auto;"">truant</div>"," -Choose <strong>one word </strong>to change and enter a new term in the box under it.-<div style=""float: left; width: auto;"">Adulterer</div>"," -Choose <strong>one word </strong>to change and enter a new term in the box under it.-<div style=""float: left; width: auto;"">abandoned</div>"," -Choose <strong>one word </strong>to change and enter a new term in the box under it.-<div style=""float: left; width: auto;"">call-girl</div>"," -Choose <strong>one word </strong>to change and enter a new term in the box under it.-<div style=""float: left; width: auto;"">Bartender</div>"," -Choose <strong>one word </strong>to change and enter a new term in the box under it.-<div style=""float: left; width: auto;"">befuddled</div>"," -Choose <strong>one word </strong>to change and enter a new term in the box under it.-<div style=""float: left; width: auto;"">bigot</div>"," -Choose <strong>one word </strong>to change and enter a new term in the box under it.-<div style=""float: left; width: auto;"">Boy-scout</div>"," -Choose <strong>one word </strong>to change and enter a new term in the box under it.-<div style=""float: left; width: auto;"">exposed</div>"," -Choose <strong>one word </strong>to change and enter a new term in the box under it.-<div style=""float: left; width: auto;"">sneak</div>"," -Choose <strong>one word </strong>to change and enter a new term in the box under it.-<div style=""float: left; width: auto;"">Bouncer</div>"," -Choose <strong>one word </strong>to change and enter a new term in the box under it.-<div style=""float: left; width: auto;"">assaulted</div>"," -Choose <strong>one word </strong>to change and enter a new term in the box under it.-<div style=""float: left; width: auto;"">drunk</div>"," -Choose <strong>one word </strong>to change and enter a new term in the box under it.-<div style=""float: left; width: auto;"">Playboy</div>"," -Choose <strong>one word </strong>to change and enter a new term in the box under it.-<div style=""float: left; width: auto;"">buttered-up</div>"," -Choose <strong>one word </strong>to change and enter a new term in the box under it.-<div style=""float: left; width: auto;"">tightwad</div>"," -Choose <strong>one word </strong>to change and enter a new term in the box under it.-<div style=""float: left; width: auto;"">Psychiatrist</div>"," -Choose <strong>one word </strong>to change and enter a new term in the box under it.-<div style=""float: left; width: auto;"">instructed</div>"," -Choose <strong>one word </strong>to change and enter a new term in the box under it.-<div style=""float: left; width: auto;"">truant</div>"," -Choose <strong>one word </strong>to change and enter a new term in the box under it.-<div style=""float: left; width: auto;"">Adulterer</div>"," -Choose <strong>one word </strong>to change and enter a new term in the box under it.-<div style=""float: left; width: auto;"">cheated</div>"," -Choose <strong>one word </strong>to change and enter a new term in the box under it.-<div style=""float: left; width: auto;"">call-girl</div>"," -Choose <strong>one word </strong>to change and enter a new term in the box under it.-<div style=""float: left; width: auto;"">Wife</div>"," -Choose <strong>one word </strong>to change and enter a new term in the box under it.-<div style=""float: left; width: auto;"">exposes</div>"," -Choose <strong>one word </strong>to change and enter a new term in the box under it.-<div style=""float: left; width: auto;"">big-shot</div>"," -Choose <strong>one word </strong>to change and enter a new term in the box under it.-<div style=""float: left; width: auto;"">Weakling</div>"," -Choose <strong>one word </strong>to change and enter a new term in the box under it.-<div style=""float: left; width: auto;"">advised</div>"," -Choose <strong>one word </strong>to change and enter a new term in the box under it.-<div style=""float: left; width: auto;"">champion</div>"," -Choose <strong>one word </strong>to change and enter a new term in the box under it.-<div style=""float: left; width: auto;"">Teacher</div>"," -Choose <strong>one word </strong>to change and enter a new term in the box under it.-<div style=""float: left; width: auto;"">ignores</div>"," -Choose <strong>one word </strong>to change and enter a new term in the box under it.-<div style=""float: left; width: auto;"">crybaby</div>"," -Choose <strong>one word </strong>to change and enter a new term in the box under it.-<div style=""float: left; width: auto;"">Friend</div>"," -Choose <strong>one word </strong>to change and enter a new term in the box under it.-<div style=""float: left; width: auto;"">criticizes</div>"," -Choose <strong>one word </strong>to change and enter a new term in the box under it.-<div style=""float: left; width: auto;"">grouch</div>"," -Choose <strong>one word </strong>to change and enter a new term in the box under it.-<div style=""float: left; width: auto;"">Introvert</div>"," -Choose <strong>one word </strong>to change and enter a new term in the box under it.-<div style=""float: left; width: auto;"">curses</div>"," -Choose <strong>one word </strong>to change and enter a new term in the box under it.-<div style=""float: left; width: auto;"">landlord</div>"," -Choose <strong>one word </strong>to change and enter a new term in the box under it.-<div style=""float: left; width: auto;"">Professor</div>"," -Choose <strong>one word </strong>to change and enter a new term in the box under it.-<div style=""float: left; width: auto;"">pampers</div>"," -Choose <strong>one word </strong>to change and enter a new term in the box under it.-<div style=""float: left; width: auto;"">lover</div>"," -Choose <strong>one word </strong>to change and enter a new term in the box under it.-<div style=""float: left; width: auto;"">Insider</div>"," -Choose <strong>one word </strong>to change and enter a new term in the box under it.-<div style=""float: left; width: auto;"">exposes</div>"," -Choose <strong>one word </strong>to change and enter a new term in the box under it.-<div style=""float: left; width: auto;"">big-shot</div>"," -Choose <strong>one word </strong>to change and enter a new term in the box under it.-<div style=""float: left; width: auto;"">Clown</div>"," -Choose <strong>one word </strong>to change and enter a new term in the box under it.-<div style=""float: left; width: auto;"">advises</div>"," -Choose <strong>one word </strong>to change and enter a new term in the box under it.-<div style=""float: left; width: auto;"">champion</div>"," -Choose <strong>one word </strong>to change and enter a new term in the box under it.-<div style=""float: left; width: auto;"">Old-crone</div>"," -Choose <strong>one word </strong>to change and enter a new term in the box under it.-<div style=""float: left; width: auto;"">ignores</div>"," -Choose <strong>one word </strong>to change and enter a new term in the box under it.-<div style=""float: left; width: auto;"">crybaby</div>"," -Choose <strong>one word </strong>to change and enter a new term in the box under it.-<div style=""float: left; width: auto;"">Hostess</div>"," -Choose <strong>one word </strong>to change and enter a new term in the box under it.-<div style=""float: left; width: auto;"">criticizes</div>"," -Choose <strong>one word </strong>to change and enter a new term in the box under it.-<div style=""float: left; width: auto;"">grouch</div>"," -Choose <strong>one word </strong>to change and enter a new term in the box under it.-<div style=""float: left; width: auto;"">Extrovert</div>"," -Choose <strong>one word </strong>to change and enter a new term in the box under it.-<div style=""float: left; width: auto;"">curses</div>"," -Choose <strong>one word </strong>to change and enter a new term in the box under it.-<div style=""float: left; width: auto;"">landlord</div>"," -Choose <strong>one word </strong>to change and enter a new term in the box under it.-<div style=""float: left; width: auto;"">Bookworm</div>"," -Choose <strong>one word </strong>to change and enter a new term in the box under it.-<div style=""float: left; width: auto;"">pampers</div>"," -Choose <strong>one word </strong>to change and enter a new term in the box under it.-<div style=""float: left; width: auto;"">lover</div>"," -Choose <strong>one word </strong>to change and enter a new term in the box under it.-<div style=""float: left; width: auto;"">Doctor</div>"," -Choose <strong>one word </strong>to change and enter a new term in the box under it.-<div style=""float: left; width: auto;"">submits to</div>"," -Choose <strong>one word </strong>to change and enter a new term in the box under it.-<div style=""float: left; width: auto;"">nurse</div>"," -Choose <strong>one word </strong>to change and enter a new term in the box under it.-<div style=""float: left; width: auto;"">Gambler</div>"," -Choose <strong>one word </strong>to change and enter a new term in the box under it.-<div style=""float: left; width: auto;"">misleads</div>"," -Choose <strong>one word </strong>to change and enter a new term in the box under it.-<div style=""float: left; width: auto;"">sweetheart</div>"," -Choose <strong>one word </strong>to change and enter a new term in the box under it.-<div style=""float: left; width: auto;"">Copycat</div>"," -Choose <strong>one word </strong>to change and enter a new term in the box under it.-<div style=""float: left; width: auto;"">admires</div>"," -Choose <strong>one word </strong>to change and enter a new term in the box under it.-<div style=""float: left; width: auto;"">jackass</div>"," -Choose <strong>one word </strong>to change and enter a new term in the box under it.-<div style=""float: left; width: auto;"">Pusher</div>"," -Choose <strong>one word </strong>to change and enter a new term in the box under it.-<div style=""float: left; width: auto;"">poisons</div>"," -Choose <strong>one word </strong>to change and enter a new term in the box under it.-<div style=""float: left; width: auto;"">son</div>"," -Choose <strong>one word </strong>to change and enter a new term in the box under it.-<div style=""float: left; width: auto;"">Confidant</div>"," -Choose <strong>one word </strong>to change and enter a new term in the box under it.-<div style=""float: left; width: auto;"">persuades</div>"," -Choose <strong>one word </strong>to change and enter a new term in the box under it.-<div style=""float: left; width: auto;"">patient</div>"," -Choose <strong>one word </strong>to change and enter a new term in the box under it.-<div style=""float: left; width: auto;"">Fool</div>"," -Choose <strong>one word </strong>to change and enter a new term in the box under it.-<div style=""float: left; width: auto;"">provokes</div>"," -Choose <strong>one word </strong>to change and enter a new term in the box under it.-<div style=""float: left; width: auto;"">mobster</div>"," -Choose <strong>one word </strong>to change and enter a new term in the box under it.-<div style=""float: left; width: auto;"">Doctor</div>"," -Choose <strong>one word </strong>to change and enter a new term in the box under it.-<div style=""float: left; width: auto;"">submits to</div>"," -Choose <strong>one word </strong>to change and enter a new term in the box under it.-<div style=""float: left; width: auto;"">patient</div>"," -Choose <strong>one word </strong>to change and enter a new term in the box under it.-<div style=""float: left; width: auto;"">Gambler</div>"," -Choose <strong>one word </strong>to change and enter a new term in the box under it.-<div style=""float: left; width: auto;"">misleads</div>"," -Choose <strong>one word </strong>to change and enter a new term in the box under it.-<div style=""float: left; width: auto;"">gold-digger</div>"," -Choose <strong>one word </strong>to change and enter a new term in the box under it.-<div style=""float: left; width: auto;"">Copycat</div>"," -Choose <strong>one word </strong>to change and enter a new term in the box under it.-<div style=""float: left; width: auto;"">admires</div>"," -Choose <strong>one word </strong>to change and enter a new term in the box under it.-<div style=""float: left; width: auto;"">daredevil</div>"," -Choose <strong>one word </strong>to change and enter a new term in the box under it.-<div style=""float: left; width: auto;"">Pusher</div>"," -Choose <strong>one word </strong>to change and enter a new term in the box under it.-<div style=""float: left; width: auto;"">poisons</div>"," -Choose <strong>one word </strong>to change and enter a new term in the box under it.-<div style=""float: left; width: auto;"">addict</div>"," -Choose <strong>one word </strong>to change and enter a new term in the box under it.-<div style=""float: left; width: auto;"">Confidant</div>"," -Choose <strong>one word </strong>to change and enter a new term in the box under it.-<div style=""float: left; width: auto;"">persuades</div>"," -Choose <strong>one word </strong>to change and enter a new term in the box under it.-<div style=""float: left; width: auto;"">cynic</div>"," -Choose <strong>one word </strong>to change and enter a new term in the box under it.-<div style=""float: left; width: auto;"">Fool</div>"," -Choose <strong>one word </strong>to change and enter a new term in the box under it.-<div style=""float: left; width: auto;"">provokes</div>"," -Choose <strong>one word </strong>to change and enter a new term in the box under it.-<div style=""float: left; width: auto;"">vigilante</div>","Instructions /  /  Part 3 /  /  Finally, we will ask you some /  background questions. Your answers to thes...",What is your gender?,What is your age?,What is your race? / (select all that apply)-Black / African American,What is your race? / (select all that apply)-White / Caucasian,What is your race? / (select all that apply)-Hispanic,What is your race? / (select all that apply)-Native American,What is your race? / (select all that apply)-Asian,What is your race? / (select all that apply)-Pacific Islander,What is your race? / (select all that apply)-Other,What is your race? / (select all that apply)-Other-TEXT,Are you currently enrolled in a college or university?,What is the highest level of schooling you have completed?,What is the highest level of schooling you have completed?-TEXT,What would you estimate your household income to be?,Do you or your parents own their own home?,Do you or your parents own a second home?,How important is religion or spirituality in your life?,How would you describe the community in which you grew up?,How would you describe the community in which you grew up?-TEXT,"What region of the United States did you grow up in, primarily?","What region of the United States did you grow up in, primarily?-TEXT",Please feel free to leave questions or comments about your survey / experience here.,Thanks for participating! / This research was conducted by a team of graduate students and / faculty...," -Choose <strong>one term </strong>to change and enter a new term in the box under it.-<div style=""float: left; width: auto;"">Bigot</div>"," -Choose <strong>one term </strong>to change and enter a new term in the box under it.-<div style=""float: left; width: auto;"">attacked</div>"," -Choose <strong>one term </strong>to change and enter a new term in the box under it.-<div style=""float: left; width: auto;"">bartender</div>"," -Choose <strong>one term </strong>to change and enter a new term in the box under it.-<div style=""float: left; width: auto;"">Sneak</div>"," -Choose <strong>one term </strong>to change and enter a new term in the box under it.-<div style=""float: left; width: auto;"">embarrassed</div>"," -Choose <strong>one term </strong>to change and enter a new term in the box under it.-<div style=""float: left; width: auto;"">boy-scout</div>"," -Choose <strong>one term </strong>to change and enter a new term in the box under it.-<div style=""float: left; width: auto;"">Drunk</div>"," -Choose <strong>one term </strong>to change and enter a new term in the box under it.-<div style=""float: left; width: auto;"">guided</div>"," -Choose <strong>one term </strong>to change and enter a new term in the box under it.-<div style=""float: left; width: auto;"">bouncer</div>"," -Choose <strong>one term </strong>to change and enter a new term in the box under it.-<div style=""float: left; width: auto;"">Tightwad</div>"," -Choose <strong>one term </strong>to change and enter a new term in the box under it.-<div style=""float: left; width: auto;"">hoodwinked</div>"," -Choose <strong>one term </strong>to change and enter a new term in the box under it.-<div style=""float: left; width: auto;"">playboy</div>"," -Choose <strong>one term </strong>to change and enter a new term in the box under it.-<div style=""float: left; width: auto;"">Truant</div>"," -Choose <strong>one term </strong>to change and enter a new term in the box under it.-<div style=""float: left; width: auto;"">inspired</div>"," -Choose <strong>one term </strong>to change and enter a new term in the box under it.-<div style=""float: left; width: auto;"">psychiatrist</div>"," -Choose <strong>one term </strong>to change and enter a new term in the box under it.-<div style=""float: left; width: auto;"">Call-girl</div>"," -Choose <strong>one term </strong>to change and enter a new term in the box under it.-<div style=""float: left; width: auto;"">abandoned</div>"," -Choose <strong>one term </strong>to change and enter a new term in the box under it.-<div style=""float: left; width: auto;"">adulterer</div>","The account presented might be / ""wrong"" in a number of ways. It might include a simple / misconception or a mistake of the speaker's / interpretation of the event. Some word may be an / exaggeration or bi..."," -Choose <strong>one term </strong>to change and enter a new term in the box under it.-<div style=""float: left; width: auto;"">Bigot</div>"," -Choose <strong>one term </strong>to change and enter a new term in the box under it.-<div style=""float: left; width: auto;"">befuddled</div>"," -Choose <strong>one term </strong>to change and enter a new term in the box under it.-<div style=""float: left; width: auto;"">bartender</div>"," -Choose <strong>one term </strong>to change and enter a new term in the box under it.-<div style=""float: left; width: auto;"">Sneak</div>"," -Choose <strong>one term </strong>to change and enter a new term in the box under it.-<div style=""float: left; width: auto;"">exposed</div>"," -Choose <strong>one term </strong>to change and enter a new term in the box under it.-<div style=""float: left; width: auto;"">boy-scout</div>"," -Choose <strong>one term </strong>to change and enter a new term in the box under it.-<div style=""float: left; width: auto;"">Drunk</div>"," -Choose <strong>one term </strong>to change and enter a new term in the box under it.-<div style=""float: left; width: auto;"">assaulted</div>"," -Choose <strong>one term </strong>to change and enter a new term in the box under it.-<div style=""float: left; width: auto;"">bouncer</div>"," -Choose <strong>one term </strong>to change and enter a new term in the box under it.-<div style=""float: left; width: auto;"">Tightwad</div>"," -Choose <strong>one term </strong>to change and enter a new term in the box under it.-<div style=""float: left; width: auto;"">buttered up</div>"," -Choose <strong>one term </strong>to change and enter a new term in the box under it.-<div style=""float: left; width: auto;"">playboy</div>"," -Choose <strong>one term </strong>to change and enter a new term in the box under it.-<div style=""float: left; width: auto;"">Truant</div>"," -Choose <strong>one term </strong>to change and enter a new term in the box under it.-<div style=""float: left; width: auto;"">instructed</div>"," -Choose <strong>one term </strong>to change and enter a new term in the box under it.-<div style=""float: left; width: auto;"">psychiatrist</div>"," -Choose <strong>one term </strong>to change and enter a new term in the box under it.-<div style=""float: left; width: auto;"">Call-girl</div>"," -Choose <strong>one term </strong>to change and enter a new term in the box under it.-<div style=""float: left; width: auto;"">cheated</div>"," -Choose <strong>one term </strong>to change and enter a new term in the box under it.-<div style=""float: left; width: auto;"">adulterer</div>"," -Choose <strong>one term </strong>to change and enter a new term in the box under it.-<div style=""float: left; width: auto;"">Big-shot</div>"," -Choose <strong>one term </strong>to change and enter a new term in the box under it.-<div style=""float: left; width: auto;"">exposes</div>"," -Choose <strong>one term </strong>to change and enter a new term in the box under it.-<div style=""float: left; width: auto;"">wife</div>"," -Choose <strong>one term </strong>to change and enter a new term in the box under it.-<div style=""float: left; width: auto;"">Champion</div>"," -Choose <strong>one term </strong>to change and enter a new term in the box under it.-<div style=""float: left; width: auto;"">advised</div>"," -Choose <strong>one term </strong>to change and enter a new term in the box under it.-<div style=""float: left; width: auto;"">weakling</div>"," -Choose <strong>one term </strong>to change and enter a new term in the box under it.-<div style=""float: left; width: auto;"">Crybaby</div>"," -Choose <strong>one term </strong>to change and enter a new term in the box under it.-<div style=""float: left; width: auto;"">ignores</div>"," -Choose <strong>one term </strong>to change and enter a new term in the box under it.-<div style=""float: left; width: auto;"">teacher</div>"," -Choose <strong>one term </strong>to change and enter a new term in the box under it.-<div style=""float: left; width: auto;"">Grouch</div>"," -Choose <strong>one term </strong>to change and enter a new term in the box under it.-<div style=""float: left; width: auto;"">criticizes</div>"," -Choose <strong>one term </strong>to change and enter a new term in the box under it.-<div style=""float: left; width: auto;"">friend</div>"," -Choose <strong>one term </strong>to change and enter a new term in the box under it.-<div style=""float: left; width: auto;"">Landlord</div>"," -Choose <strong>one term </strong>to change and enter a new term in the box under it.-<div style=""float: left; width: auto;"">curses</div>"," -Choose <strong>one term </strong>to change and enter a new term in the box under it.-<div style=""float: left; width: auto;"">introvert</div>"," -Choose <strong>one term </strong>to change and enter a new term in the box under it.-<div style=""float: left; width: auto;"">Lover</div>"," -Choose <strong>one term </strong>to change and enter a new term in the box under it.-<div style=""float: left; width: auto;"">pampers</div>"," -Choose <strong>one term </strong>to change and enter a new term in the box under it.-<div style=""float: left; width: auto;"">professor</div>", -Choose <strong>one term </strong>to change and enter a new term in the box under it.-Big-shot, -Choose <strong>one term </strong>to change and enter a new term in the box under it.-exposes, -Choose <strong>one term </strong>to change and enter a new term in the box under it.-insider, -Choose <strong>one term </strong>to change and enter a new term in the box under it.-Champion, -Choose <strong>one term </strong>to change and enter a new term in the box under it.-advised, -Choose <strong>one term </strong>to change and enter a new term in the box under it.-clown, -Choose <strong>one term </strong>to change and enter a new term in the box under it.-Crybaby, -Choose <strong>one term </strong>to change and enter a new term in the box under it.-ignores, -Choose <strong>one term </strong>to change and enter a new term in the box under it.-old crone, -Choose <strong>one term </strong>to change and enter a new term in the box under it.-Grouch, -Choose <strong>one term </strong>to change and enter a new term in the box under it.-criticizes, -Choose <strong>one term </strong>to change and enter a new term in the box under it.-hostess, -Choose <strong>one term </strong>to change and enter a new term in the box under it.-Landlord, -Choose <strong>one term </strong>to change and enter a new term in the box under it.-curses, -Choose <strong>one term </strong>to change and enter a new term in the box under it.-extrovert, -Choose <strong>one term </strong>to change and enter a new term in the box under it.-Lover, -Choose <strong>one term </strong>to change and enter a new term in the box under it.-pampers, -Choose <strong>one term </strong>to change and enter a new term in the box under it.-bookworm, -Choose <strong>one term </strong>to change and enter a new term in the box under it.-Nurse, -Choose <strong>one term </strong>to change and enter a new term in the box under it.-submits to, -Choose <strong>one term </strong>to change and enter a new term in the box under it.-doctor, -Choose <strong>one term </strong>to change and enter a new term in the box under it.-Sweetheart, -Choose <strong>one term </strong>to change and enter a new term in the box under it.-misleads, -Choose <strong>one term </strong>to change and enter a new term in the box under it.-gambler, -Choose <strong>one term </strong>to change and enter a new term in the box under it.-Jackass, -Choose <strong>one term </strong>to change and enter a new term in the box under it.-admires, -Choose <strong>one term </strong>to change and enter a new term in the box under it.-copycat, -Choose <strong>one term </strong>to change and enter a new term in the box under it.-Son, -Choose <strong>one term </strong>to change and enter a new term in the box under it.-poisons, -Choose <strong>one term </strong>to change and enter a new term in the box under it.-pusher, -Choose <strong>one term </strong>to change and enter a new term in the box under it.-Patient, -Choose <strong>one term </strong>to change and enter a new term in the box under it.-persuades, -Choose <strong>one term </strong>to change and enter a new term in the box under it.-confidant, -Choose <strong>one term </strong>to change and enter a new term in the box under it.-Mobster, -Choose <strong>one term </strong>to change and enter a new term in the box under it.-provokes, -Choose <strong>one term </strong>to change and enter a new term in the box under it.-fool, -Choose <strong>one term </strong>to change and enter a new term in the box under it.-Patient, -Choose <strong>one term </strong>to change and enter a new term in the box under it.-submits to, -Choose <strong>one term </strong>to change and enter a new term in the box under it.-doctor, -Choose <strong>one term </strong>to change and enter a new term in the box under it.-Gold-digger, -Choose <strong>one term </strong>to change and enter a new term in the box under it.-misleads, -Choose <strong>one term </strong>to change and enter a new term in the box under it.-gambler, -Choose <strong>one term </strong>to change and enter a new term in the box under it.-Daredevil, -Choose <strong>one term </strong>to change and enter a new term in the box under it.-admires, -Choose <strong>one term </strong>to change and enter a new term in the box under it.-copycat, -Choose <strong>one term </strong>to change and enter a new term in the box under it.-Addict, -Choose <strong>one term </strong>to change and enter a new term in the box under it.-poisons, -Choose <strong>one term </strong>to change and enter a new term in the box under it.-pusher, -Choose <strong>one term </strong>to change and enter a new term in the box under it.-Cynic, -Choose <strong>one term </strong>to change and enter a new term in the box under it.-persuades, -Choose <strong>one term </strong>to change and enter a new term in the box under it.-confidant, -Choose <strong>one term </strong>to change and enter a new term in the box under it.-Vigilante, -Choose <strong>one term </strong>to change and enter a new term in the box under it.-provokes, -Choose <strong>one term </strong>to change and enter a new term in the box under it.-fool,LocationLatitude,LocationLongitude,LocationAccuracy,
R_3OV887eu7cXzFUF,Default Response Set,Anonymous,,,71.70.210.229,0,2014-06-26 13:09:48,2014-06-26 13:12:53,0,7739881,1,1,1,2,1,2,2,1,1,2,,,,,,,,,,,,,,,,,,,,,,,,,,,,,,,,,,,,,,,,,,,,,,,,,,,,,,,,,,,,,,,,,,,,,,,,,,,,,,,,,,,,,,,,,,,,,,,,,,,,,,,,,,,,,,,,,,1,2,,,,,,,,,,1,,,3,,,4,,,,,,,,,,,,,,,,,,,,,,,,,,,,,,,,,,,,,,,,,,,,,,,,,,,,,,,,,,,,,,,,,,,,,,,,,,,,,,,,,,,,,,,,,,,,,,,,,,,,,,,,,,,,,,,,,,,,,,-1,
R_71Eouhoa57Tx0yN,Default Response Set,Anonymous,,,137.145.240.182,0,2014-07-09 14:17:21,2014-07-09 14:17:26,1,9703488,2,,,,,,,,,,,,,,,,,,,,,,,,,,,,,,,,,,,,,,,,,,,,,,,,,,,,,,,,,,,,,,,,,,,,,,,,,,,,,,,,,,,,,,,,,,,,,,,,,,,,,,,,,,,,,,,,,,,,,,,,,,,,,,,,,,,,,,,,,,,,,,,,,,,,,,,,,,,,,,,,,,,,,,,,,,,,,,,,,,,,,,,,,,,,,,,,,,,,,,,,,,,,,,,,,,,,,,,,,,,,,,,,,,,,,,,,,,,,,,,,,,,,,,,,,,,,,,,,,,-1,
R_ePcwCozk83D2ofP,Default Response Set,Anonymous,,,129.116.88.74,0,2014-07-09 14:15:28,2014-07-09 14:19:07,1,8708939,1,1,1,2,2,2,2,1,1,1,1,Thief,,,1,,,,,,,,,,,,,,,,,,,,,,,,,,,,,,,,,,,,,,,,,,,,,,,,,,,,,,,,,abuser,Coach,,,Mother,,,,,waiter,Renter,,,,,bookcase,,,,,,,,,,,,,,,,,,,,,,,,,,,,,,,,,,,,,1,1,21,,1,,,1,,,,1,3,,2,1,2,2,1,,1,,Thanks!,1,,,,,,,,,,,,,,,,,,,,,,,,,,,,,,,,,,,,,,,,,,,,,,,,,,,,,,,,,,,,,,,,,,,,,,,,,,,,,,,,,,,,,,,,,,,,,,,,,,,,,,,,,,,,,,30.296096801758,-97.73690032959,-1,
R_cTjyyd1e8RVdkm9,Default Response Set,Anonymous,,,24.176.154.5,0,2014-07-09 14:16:00,2014-07-09 14:19:46,1,9322292,1,1,1,2,1,2,1,2,1,1,1,,INTIMIDATED,,1,,,,,,,,,,,,,,,,,,,,,,,,,,,,,,,,,,,,,,,,,,,,,,,,,,,,,,,,,,,,,,,,,,,,,,,,,,orders the,,,disapoints,,,,author,,,man,,,journalist,,,teacher,,,,,,,,,,,,,,,,,,,1,2,26,,1,,,,,,,2,3,,3,1,2,2,1,,5,,,1,,,,,,,,,,,,,,,,,,,,,,,,,,,,,,,,,,,,,,,,,,,,,,,,,,,,,,,,,,,,,,,,,,,,,,,,,,,,,,,,,,,,,,,,,,,,,,,,,,,,,,,,,,,,,,35.500305175781,-85.00309753418,-1,
R_8lf7GrNIy4iYrmR,Default Response Set,Anonymous,,,173.48.64.18,0,2014-07-09 14:16:04,2014-07-09 14:20:02,1,1502333,1,1,1,2,1,2,1,1,1,1,1,,represented,,1,,,,,,,,,,,,,,,,,,,,,,,,,,,,,,,,,,,,,Reporter,exposes,big-shot,Coach,advised,champion,Teacher,ignores,student,Friend,criticizes,girlfriend,Tenant,curses,landlord,Husband,pampers,lover,,,,,,,,,,,,,,,,,,,,,,,,,,,,,,,,,,,,,,,,,,,,,,,,,,,,,,,1,1,28,,1,,,,,,,2,3,,4,2,2,4,5,,6,,,1,,,,,,,,,,,,,,,,,,,,,,,,,,,,,,,,,,,,,,,,,,,,,,,,,,,,,,,,,,,,,,,,,,,,,,,,,,,,,,,,,,,,,,,,,,,,,,,,,,,,,,,,,,,,,,42.087600708008,-71.407302856445,-1,
R_5AzQB4mruKWuN25,Default Response Set,Anonymous,,,75.100.84.87,0,2014-07-09 14:16:50,2014-07-09 14:20:56,1,4842493,1,1,1,2,1,1,1,2,1,2,1,,chastized ,,1,,,,,,,,,,,,,,,,,,,,,,,,,,,,,,,,,,,,,,,,,,,,,,,,,,,,,,,,,,,,,,,,,,,,,,,,,,,patient,Boyfriend,,,,copies,,Father,,,,,friend,Criminal,,,,,,,,,,,,,,,,,,,,,1,2,29,,1,,,,,,,2,5,,3,2,2,5,2,,7,,,1,,,,,,,,,,,,,,,,,,,,,,,,,,,,,,,,,,,,,,,,,,,,,,,,,,,,,,,,,,,,,,,,,,,,,,,,,,,,,,,,,,,,,,,,,,,,,,,,,,,,,,,,,,,,,,43.185501098633,-89.473503112793,-1,
R_6M4g9sOzvO63WkJ,Default Response Set,Anonymous,,,131.216.14.33,0,2014-07-09 14:16:57,2014-07-09 14:21:14,1,2518490,1,1,1,2,1,1,1,2,1,2,1,,helped,,1,,,,,,,,,,,,,,,,,,,,serves,,detective,,,,escorted,,,,mistress,counselor,,,,,wife,,,,,,,,,,,,,,,,,,,,,,,,,,,,,,,,,,,,,,,,,,,,,,,,,,,,,,,,,,,,,,,,,,,,,,,,,1,1,28,,1,,,,,,,1,6,,4,2,2,4,2,,6,,,1,,,,,,,,,,,,,,,,,,,,,,,,,,,,,,,,,,,,,,,,,,,,,,,,,,,,,,,,,,,,,,,,,,,,,,,,,,,,,,,,,,,,,,,,,,,,,,,,,,,,,,,,,,,,,,36.175003051758,-115.13719940186,-1,
R_3JmwoRrqIuKi9z7,Default Response Set,Anonymous,,,24.229.49.20,0,2014-07-09 14:17:07,2014-07-09 14:21:17,1,899942,1,1,1,2,1,1,2,2,1,2,1,,intimidated,,1,,,,,,,,,,,,,,,,,,,,,,,,,,,,,,,,,,,,,Journalist,,,,worships,,,,outbursts,,,heckler,,ignores,,Man,,,,,,,,,,,,,,,,,,,,,,,,,,,,,,,,,,,,,,,,,,,,,,,,,,,,,,,,,1,1,31,,1,,,,,,,2,5,,6,1,2,3,2,,6,,,1,,,,,,,,,,,,,,,,,,,,,,,,,,,,,,,,,,,,,,,,,,,,,,,,,,,,,,,,,,,,,,,,,,,,,,,,,,,,,,,,,,,,,,,,,,,,,,,,,,,,,,,,,,,,,,40.175704956055,-76.165802001953,-1,
R_ebsUum2JcdiGEwB,Default Response Set,Anonymous,,,97.95.35.185,0,2014-07-09 14:17:55,2014-07-09 14:22:24,1,439431,1,1,1,1,2,2,1,2,2,1,1,Lawyer,threatens,client,1,,,,,,,,,,,,,,,,,,,,,,,,,,,,,,,,,,,,,,,,,,,,,,,,,,,,,,,Citizen,,,Coach,,,,,son,,,customer,,,friend,Man,,,,,,,,,,,,,,,,,,,,,,,,,,,,,,,,,,,,,,,1,1,39,,1,,,,,,,2,5,,5,2,2,3,2,,6,,None,1,,,,,,,,,,,,,,,,,,,,,,,,,,,,,,,,,,,,,,,,,,,,,,,,,,,,,,,,,,,,,,,,,,,,,,,,,,,,,,,,,,,,,,,,,,,,,,,,,,,,,,,,,,,,,,43.705307006836,-84.237701416016,-1,
R_54nMutGttarMm4R,Default Response Set,Anonymous,,,107.218.148.174,0,2014-07-09 14:15:43,2014-07-09 14:22:43,1,687804,1,1,1,2,1,2,2,2,1,1,1,,counciled,,1,,,drunk,,,counselor,,tossed,,,,girlfriend,Teacher,,,,leaves,,,,,,,,,,,,,,,,,,,,,,,,,,,,,,,,,,,,,,,,,,,,,,,,,,,,,,,,,,,,,,,,,,,,,,,,,,,,,,,,,,,,,,,,,,,,1,1,30,1,,,,,,,,1,5,,6,1,2,4,1,,7,,none,1,,,,,,,,,,,,,,,,,,,,,,,,,,,,,,,,,,,,,,,,,,,,,,,,,,,,,,,,,,,,,,,,,,,,,,,,,,,,,,,,,,,,,,,,,,,,,,,,,,,,,,,,,,,,,,41.693496704102,-87.614501953125,-1,
R_25Cg9nBfQ9tZCXb,Default Response Set,Anonymous,,,208.180.65.82,0,2014-07-09 14:17:42,2014-07-09 14:22:48,1,8464516,1,1,1,2,1,2,2,2,1,1,1,Lawyer,represented ,client,1,,,,,,,,,,,,,,,,,,,,,,,,,,,,,,,,,,,,,wife,exposes,husband,weakling,surprised ,champion,teacher,ignores,student,friend,criticizes,complainer,extrovert,curses,landlord,wife,pamper,lover,,,,,,,,,,,,,,,,,,,,,,,,,,,,,,,,,,,,,,,,,,,,,,,,,,,,,,,1,2,31,,,1,,,,,,2,5,,7,1,2,2,2,,5,,,1,,,,,,,,,,,,,,,,,,,,,,,,,,,,,,,,,,,,,,,,,,,,,,,,,,,,,,,,,,,,,,,,,,,,,,,,,,,,,,,,,,,,,,,,,,,,,,,,,,,,,,,,,,,,,,35.961196899414,-95.397903442383,-1,
R_3Ob9EALzKV2gkCN,Default Response Set,Anonymous,,,75.109.236.163,0,2014-07-09 14:17:57,2014-07-09 14:22:49,1,8715953,1,1,1,2,1,2,1,2,1,1,1,Lawyer,hounded,client,1,,,,,,,,,,,,,,,,,,,Bartender,confused,bigot,Boy-scout,revealed,sneak,Bouncer,subdued,drunk,Playboy,seduced,tightwad,Pyschiatrist,instructed,juvie,Adulterer,scammed,call-girl,,,,,,,,,,,,,,,,,,,,,,,,,,,,,,,,,,,,,,,,,,,,,,,,,,,,,,,,,,,,,,,,,,,,,,,,,1,1,22,,1,,,,,,,2,3,,1,1,2,4,4,,5,,,1,,,,,,,,,,,,,,,,,,,,,,,,,,,,,,,,,,,,,,,,,,,,,,,,,,,,,,,,,,,,,,,,,,,,,,,,,,,,,,,,,,,,,,,,,,,,,,,,,,,,,,,,,,,,,,37.976104736328,-81.139701843262,-1,
R_22YL8jj1npmovoF,Default Response Set,Anonymous,,,166.94.13.37,0,2014-07-09 14:16:56,2014-07-09 14:22:53,1,5694074,1,1,1,2,1,1,1,2,1,1,1,,hounded,,1,,,Nazi,,,pedophile,,tossed,,,tricked,,,helped,,,,prostitute,,,,,,,,,,,,,,,,,,,,,,,,,,,,,,,,,,,,,,,,,,,,,,,,,,,,,,,,,,,,,,,,,,,,,,,,,,,,,,,,,,,,,,,,,,,1,1,27,,1,,,,,,,2,3,,8,1,1,4,5,,5,,,1,,,,,,,,,,,,,,,,,,,,,,,,,,,,,,,,,,,,,,,,,,,,,,,,,,,,,,,,,,,,,,,,,,,,,,,,,,,,,,,,,,,,,,,,,,,,,,,,,,,,,,,,,,,,,,38.846206665039,-77.306396484375,-1,
R_esODCkBr4IU3u5v,Default Response Set,Anonymous,,,99.90.197.171,0,2014-07-09 14:15:46,2014-07-09 14:22:53,1,5602176,1,1,1,2,1,1,1,2,1,1,1,,questioned,,1,,,,,,,,,,,,,,,,,,,,,,,,,,,,,,,,,,,,,,,,,,,,,,,,,,,,,,,,,truth,,mocks,,bully,,,,escorts,,tenant,,,Prince,,,,,,,,,,,,,,,,,,,,,,,,,,,,,,,,,,,,,,,1,1,32,,1,,,,,,,2,5,,4,1,2,3,1,,7,,no comments,1,,,,,,,,,,,,,,,,,,,,,,,,,,,,,,,,,,,,,,,,,,,,,,,,,,,,,,,,,,,,,,,,,,,,,,,,,,,,,,,,,,,,,,,,,,,,,,,,,,,,,,,,,,,,,,41.508499145508,-88.227798461914,-1,
R_007YIThXldYEMbH,Default Response Set,Anonymous,,,155.72.188.19,0,2014-07-09 14:17:49,2014-07-09 14:23:32,1,2604500,1,1,1,2,1,1,2,2,1,2,1,Lawyer,assisted,client,1,,,,,,,,,,,,,,,,,,,,,,,,,,,,,,,,,,,,,Wife,blackmails,big-shot,Weakling,not,champion,Teacher,reprimands,crybaby,Friend,annoys,grouch,Introvert,thansk,landlord,Professor,helps,lover,,,,,,,,,,,,,,,,,,,,,,,,,,,,,,,,,,,,,,,,,,,,,,,,,,,,,,,1,2,24,,1,,,,,,,2,2,,4,1,2,2,1,,5,,,1,,,,,,,,,,,,,,,,,,,,,,,,,,,,,,,,,,,,,,,,,,,,,,,,,,,,,,,,,,,,,,,,,,,,,,,,,,,,,,,,,,,,,,,,,,,,,,,,,,,,,,,,,,,,,,28.538299560547,-81.379203796387,-1,
R_8HBu2SjAODi76HH,Default Response Set,Anonymous,,,173.209.212.143,0,2014-07-09 14:17:38,2014-07-09 14:24:13,1,7427586,1,1,1,2,1,2,1,2,1,2,1,,cajoled,,1,,,,,,,,,,,,,,,,,,,,,,,,,,,,,,,,,,,,,,,,,,,,,,,,,,,,,,,,,,,,,,,,,,,,,,,,,,receives,,,,dealer,,,original,,,enemy,,,accomplice,,angers,,,,,,,,,,,,,,,,,,,,1,1,27,,1,,,,,,,2,3,,3,1,2,4,4,,6,,"""Fool provokes mobster"" seemed sensible in its original form.",1,,,,,,,,,,,,,,,,,,,,,,,,,,,,,,,,,,,,,,,,,,,,,,,,,,,,,,,,,,,,,,,,,,,,,,,,,,,,,,,,,,,,,,,,,,,,,,,,,,,,,,,,,,,,,,28.120300292969,-82.352897644043,-1,
R_86rpq9NeLhJmjOd,Default Response Set,Anonymous,,,99.47.88.218,0,2014-07-09 14:15:54,2014-07-09 14:24:36,1,1628064,1,1,1,2,1,1,2,2,1,1,1,,DEFENDED,,1,,,,,,,,,,,,,,,,,,,,,,,,,,,,,,,,,,,,,,,,,,,,,,,,,,,,,,,,,,,,,,,,,,,,,,,,,,,,,,,,,,,,,,,,,,,,ADVISES,,,FOOLS,,,ESTEEMS,,,,USER,LOVER,,,CRIMINAL,,,1,2,52,1,,,,,,,,2,4,,1,1,2,5,5,,5,,"I WAS A LITTLE CONFUSED ABOUT IT, BUT I TRIED THE BEST THAT I COULD",1,,,,,,,,,,,,,,,,,,,,,,,,,,,,,,,,,,,,,,,,,,,,,,,,,,,,,,,,,,,,,,,,,,,,,,,,,,,,,,,,,,,,,,,,,,,,,,,,,,,,,,,,,,,,,,33.073501586914,-96.903198242188,-1,
R_86TnQKG5vrDyDXf,Default Response Set,Anonymous,,,71.45.120.217,0,2014-07-09 14:16:51,2014-07-09 14:25:37,1,1872055,1,1,1,2,1,2,1,2,1,1,1,,,,1,,,,,,,,,,,,,,,,,,,,,,,,,,,,,,,,,,,,,,,,,,,,,,,,,,,,,,,,,,,,,,,,,,,,,,,,,,,,,,,,,,,,,,,,,,,,understands,,Boyfriend,,,,envies,,Dealer,,,Friend,,,Vagrant,,,1,2,48,,1,,,,,,,2,6,,6,1,2,4,5,,7,,,1,,,,,,,,,,,,,,,,,,,,,,,,,,,,,,,,,,,,,,,,,,,,,,,,,,,,,,,,,,,,,,,,,,,,,,,,,,,,,,,,,,,,,,,,,,,,,,,,,,,,,,,,,,,,,,33.522506713867,-86.76830291748,-1,
R_eD0eA2pJj4leVUx,Default Response Set,Anonymous,,,75.89.203.110,0,2014-07-09 14:19:08,2014-07-09 14:25:56,1,179360,1,1,1,2,1,1,1,2,1,2,1,,,,1,,,,,,,,,,,,,,,,,,,,,,,,,,,,,,,,,,,,,,,,,,,,,,,,,,,,,,,,,,,,,,,,,,,,,,,,,,,,,,,,,,,,,,,,,,,,exams,,,outsmarts,,,copies,,,supplies,,Stranger,,,Hero,,,1,2,31,,1,,,,,,,2,3,,5,2,2,1,4,,5,,,1,,,,,,,,,,,,,,,,,,,,,,,,,,,,,,,,,,,,,,,,,,,,,,,,,,,,,,,,,,,,,,,,,,,,,,,,,,,,,,,,,,,,,,,,,,,,,,,,,,,,,,,,,,,,,,32.292297363281,-81.218200683594,-1,
R_5jujcLHW4Dmoe0Z,Default Response Set,Anonymous,,,91.182.251.206,0,2014-07-09 14:16:20,2014-07-09 14:26:45,1,2448861,1,1,1,1,1,1,2,2,1,2,1,Lawyer,saved ,client,1,,,,,,,,,,,,,,,,,,,,,,,,,,,,,,,,,,,,,,,,,,,,,,,,,,,,,,,,,,,,,,,,,,,,,,,,,,,,,,,,,,,,,,,,,,,doctor,saves ,patient,gambler ,swindled,gold-digger,copycat ,admires,killer,dealer ,poisons,addict,confidant ,cheats,cynic,fool,fights,vigilante,1,1,40,,1,,,,,,,2,4,,4,1,2,5,1,,5,,,1,,,,,,,,,,,,,,,,,,,,,,,,,,,,,,,,,,,,,,,,,,,,,,,,,,,,,,,,,,,,,,,,,,,,,,,,,,,,,,,,,,,,,,,,,,,,,,,,,,,,,,,,,,,,,,50.833297729492,4.3332977294922,-1,
R_3r7qdKzfoy0bsAB,Default Response Set,Anonymous,,,155.201.35.117,0,2014-07-09 14:17:47,2014-07-09 14:28:07,1,3975930,1,1,1,2,2,2,1,2,1,2,1,,,,1,,,,,,,,,,,,,,,,,,,,,,,,,,,,,,,,,,,,,,,,,,,,,,,,,,,,,,,,,,,,,,,,,,,,,,,,,doctor,deferrs to,nurse,Gambler,misleads,girlfriend,Follower,admires,jackass,Druggie,poisons,son,Confidant,persuades,client,Idiot,provokes,mobster,,,,,,,,,,,,,,,,,,,1,2,26,,1,,,,,,,2,6,,6,1,2,4,5,,6,,,1,,,,,,,,,,,,,,,,,,,,,,,,,,,,,,,,,,,,,,,,,,,,,,,,,,,,,,,,,,,,,,,,,,,,,,,,,,,,,,,,,,,,,,,,,,,,,,,,,,,,,,,,,,,,,,41.850006103516,-87.650001525879,-1,
R_3wwyC7a4cHXZ8rz,Default Response Set,Anonymous,,,97.120.199.7,0,2014-07-09 14:17:33,2014-07-09 14:28:47,1,9756959,1,1,1,2,1,2,2,2,1,2,1,,Intimidated,,1,,,,,,,,,,,,,,,,,,,,confused,,,,tattletale,,ejected,,Con-man,,,,questioned,,,,wife,,,,,,,,,,,,,,,,,,,,,,,,,,,,,,,,,,,,,,,,,,,,,,,,,,,,,,,,,,,,,,,,,,,,,,,,,1,2,71,,1,,,,,,,2,4,,7,1,1,2,2,,9,East Coast,Curious as to why there is no selection for east coast or southeast areas as a primary place to grow up.,1,,,,,,,,,,,,,,,,,,,,,,,,,,,,,,,,,,,,,,,,,,,,,,,,,,,,,,,,,,,,,,,,,,,,,,,,,,,,,,,,,,,,,,,,,,,,,,,,,,,,,,,,,,,,,,45.638702392578,-122.66149902344,-1,
R_cOtWCGx6jmrr9WJ,Default Response Set,Anonymous,,,184.185.222.4,0,2014-07-09 14:27:47,2014-07-09 14:32:58,1,5439105,1,1,1,2,1,2,1,2,2,2,1,Attorney ,Terrorist,Clientele ,1,,,,,,,,,,,,,,,,,,,,,,,,,,,,,,,,,,,,,,,,,,,,,,,,,,,,,,,,,,,,,,,,,,,,,,,,,Doctor ,praises,nurse,Husband ,misleads,sweetheart,Copycat,hates,jackass,Mother,poisons,son,Incompetant ,persuades,patiet,Model,provokes ,mobster,,,,,,,,,,,,,,,,,,,1,1,28,,,1,,1,,,,2,5,,7,1,2,4,5,,5,,,1,,,,,,,,,,,,,,,,,,,,,,,,,,,,,,,,,,,,,,,,,,,,,,,,,,,,,,,,,,,,,,,,,,,,,,,,,,,,,,,,,,,,,,,,,,,,,,,,,,,,,,,,,,,,,,29.651596069336,-82.324798583984,-1,
R_4VdHZCe3xj6c3MF,Default Response Set,Anonymous,,,50.150.204.21,0,2014-07-09 14:18:50,2014-07-09 14:35:30,1,3406323,1,1,1,2,1,1,2,1,1,2,1,Lawyer,hounded,client,1,Bigot,served,bigot,boy-scout,embarrassed,himself,bouncer,scolded,drunk,playboy,hoodwinked,himself,psychiatrist,helped,truant,adulterer ,called,call-girl,,,,,,,,,,,,,,,,,,,,,,,,,,,,,,,,,,,,,,,,,,,,,,,,,,,,,,,,,,,,,,,,,,,,,,,,,,,,,,,,,,,,,,,,,,,1,1,22,,1,,,,,,,1,3,,6,2,2,2,1,,5,,None,1,,,,,,,,,,,,,,,,,,,,,,,,,,,,,,,,,,,,,,,,,,,,,,,,,,,,,,,,,,,,,,,,,,,,,,,,,,,,,,,,,,,,,,,,,,,,,,,,,,,,,,,,,,,,,,25.661499023438,-80.412002563477,-1,
R_bmzOrLBM3LAnu1n,Default Response Set,Anonymous,,,96.59.151.118,0,2014-07-09 14:30:51,2014-07-09 14:39:54,1,8536400,1,1,1,2,1,2,2,2,1,1,1,,badgers,,1,,,,,,,,,,,,,,,,,,,,,,,,,,,,,,,,,,,,,,,,,,,,,,,,,,,,,,,,,CEO,Buffoon,,,,snubs,,,curses,,,blasts,,,courts,,,,,,,,,,,,,,,,,,,,,,,,,,,,,,,,,,,,,,1,1,45,,1,,,,,,,2,6,,3,1,2,4,2,,5,,,1,,,,,,,,,,,,,,,,,,,,,,,,,,,,,,,,,,,,,,,,,,,,,,,,,,,,,,,,,,,,,,,,,,,,,,,,,,,,,,,,,,,,,,,,,,,,,,,,,,,,,,,,,,,,,,28.04069519043,-81.904296875,-1,
R_cMbpzI8YCLmf2DP,Default Response Set,Anonymous,,,24.119.123.181,0,2014-07-09 14:38:29,2014-07-09 14:43:50,1,9779496,1,1,1,2,2,2,2,2,1,2,1,,upset,,1,,,,,,,,,,,,,,,,,,,,,customer,reporter,,,,upset,,,,stranger,,guided,,,,wife,,,,,,,,,,,,,,,,,,,,,,,,,,,,,,,,,,,,,,,,,,,,,,,,,,,,,,,,,,,,,,,,,,,,,,,,,1,2,32,,1,,,,,,,2,2,,4,1,2,1,3,,7,,,1,,,,,,,,,,,,,,,,,,,,,,,,,,,,,,,,,,,,,,,,,,,,,,,,,,,,,,,,,,,,,,,,,,,,,,,,,,,,,,,,,,,,,,,,,,,,,,,,,,,,,,,,,,,,,,37.2041015625,-95.73860168457,-1,
R_1STtRDZGtY5lQ8d,Default Response Set,Anonymous,,,67.185.88.168,0,2014-07-09 14:25:23,2014-07-09 14:45:54,1,2657062,1,1,1,2,2,2,2,2,1,2,1,,hounded,,1,,,,,,,,,,,,,,,,,,,,,,,,,,,,,,,,,,,,,mistress,,,novice,,,,,rabble-rouser,,,depressive,,fears,,,,student,,,,,,,,,,,,,,,,,,,,,,,,,,,,,,,,,,,,,,,,,,,,,,,,,,,,,,,1,1,24,,1,,,,,,,2,5,,1,1,2,1,5,,6,,n/a,1,,,,,,,,,,,,,,,,,,,,,,,,,,,,,,,,,,,,,,,,,,,,,,,,,,,,,,,,,,,,,,,,,,,,,,,,,,,,,,,,,,,,,,,,,,,,,,,,,,,,,,,,,,,,,,47.659698486328,-117.42910003662,-1,
R_00MruoP8qRiJEB7,Default Response Set,Anonymous,,,76.125.123.241,0,2014-07-09 14:54:12,2014-07-09 14:57:31,1,2700233,1,1,1,2,1,2,2,2,1,2,1,,,,1,Activist,,,Mother,,,,expelled,,Scammer,,,Priest,,,,paid,,,,,,,,,,,,,,,,,,,,,,,,,,,,,,,,,,,,,,,,,,,,,,,,,,,,,,,,,,,,,,,,,,,,,,,,,,,,,,,,,,,,,,,,,,,,1,1,34,,1,,,,,,,2,3,,3,1,2,1,3,,5,,Thank you. ,1,,,,,,,,,,,,,,,,,,,,,,,,,,,,,,,,,,,,,,,,,,,,,,,,,,,,,,,,,,,,,,,,,,,,,,,,,,,,,,,,,,,,,,,,,,,,,,,,,,,,,,,,,,,,,,34.675903320312,-92.356399536133,-1,
R_bd3KSzFscaRKaH3,Default Response Set,Anonymous,,,162.226.236.129,0,2014-07-09 14:42:09,2014-07-09 15:00:27,1,3590524,1,1,1,2,2,2,2,2,1,1,1,,badgered,,1,,,,,,,,,,,,,,,,,,,,,,,,,,,,,,,,,,,,,,,husband,,kibbutzed,,,,frustration,,cajoles,,Agoraphobe,,,,,co-ed,,,,,,,,,,,,,,,,,,,,,,,,,,,,,,,,,,,,,,,,,,,,,,,,,,,,,,,1,2,51,,1,,,,,,,2,6,,3,2,2,2,3,,5,,,1,,,,,,,,,,,,,,,,,,,,,,,,,,,,,,,,,,,,,,,,,,,,,,,,,,,,,,,,,,,,,,,,,,,,,,,,,,,,,,,,,,,,,,,,,,,,,,,,,,,,,,,,,,,,,,44.109893798828,-87.709999084473,-1,
R_41GZCZuHiBWxmAJ,Default Response Set,Anonymous,,,128.111.96.9,0,2014-07-09 15:00:17,2014-07-09 15:03:38,1,4686804,1,1,1,2,2,1,1,2,1,1,1,,,,1,,,,,,,,,,,,,,,,,,,barista,befunk,bitch,kid,remove,creep,bigot,mauled,intoxicated,dude,jolly,tight,doctor,ordered,bad,pedofile,raped,stripper,,,,,,,,,,,,,,,,,,,,,,,,,,,,,,,,,,,,,,,,,,,,,,,,,,,,,,,,,,,,,,,,,,,,,,,,,1,1,21,,,1,,,,,,1,3,,6,1,2,5,1,,2,,,1,,,,,,,,,,,,,,,,,,,,,,,,,,,,,,,,,,,,,,,,,,,,,,,,,,,,,,,,,,,,,,,,,,,,,,,,,,,,,,,,,,,,,,,,,,,,,,,,,,,,,,,,,,,,,,34.432907104492,-119.83709716797,-1,
R_bl5VNcfZVRhp92J,Default Response Set,Anonymous,,,170.97.167.69,0,2014-07-09 15:00:54,2014-07-09 15:10:35,1,6666222,1,1,1,2,1,2,2,2,1,1,1,lawyer ,served,client,1,,,,,,,,,,,,,,,,,,,,,,,,,,,,,,,,,,,,,,,,,,,,,,,,,,,,,,,,,,,,,,,,,,,,,,,,,doctor ,bosses,nurse,boyfriend,misleads,sweetheart,farmer,admires,jackass,dad,poisons,son,doctor,persuades,patient,gambler,provokes,mobster,,,,,,,,,,,,,,,,,,,1,1,29,,1,,,,,,,2,6,,7,1,2,4,2,,7,,,1,,,,,,,,,,,,,,,,,,,,,,,,,,,,,,,,,,,,,,,,,,,,,,,,,,,,,,,,,,,,,,,,,,,,,,,,,,,,,,,,,,,,,,,,,,,,,,,,,,,,,,,,,,,,,,38.893295288086,-77.014602661133,-1,
R_0cQtoehuhjtXJaZ,Default Response Set,Anonymous,,,97.90.121.175,0,2014-07-09 15:08:47,2014-07-09 15:10:46,1,4790286,1,1,1,2,1,2,1,2,1,1,1,,scared,,1,,,,,,,,,,,,,,,,,,,,,,,,,,,,,,,,,,,,,,,,,,,,,,,,,,,,,,,,,,,,,,,,,,,,,,,,,,,,,,,,,,,,,,,,,,,,,calm,bum,,,knock-off,,,,,lose,,,paranoid,stupid,,,1,1,23,,1,,,,,,,1,5,,3,1,2,3,2,,2,,,1,,,,,,,,,,,,,,,,,,,,,,,,,,,,,,,,,,,,,,,,,,,,,,,,,,,,,,,,,,,,,,,,,,,,,,,,,,,,,,,,,,,,,,,,,,,,,,,,,,,,,,,,,,,,,,44.121307373047,-124.00230407715,-1,
R_a2ZAS4G8MS6lhFb,Default Response Set,Anonymous,,,24.44.195.100,0,2014-07-09 15:09:14,2014-07-09 15:16:30,1,8782263,1,1,1,2,1,2,1,2,1,2,1,,,,1,,,,,,,,,,,,,,,,,,,,,,,,,,,,,,,,,,,,,,,,,,,,,,,,,,,,,,,,,,,,,,,,,,,,,,,,,,,insurance,Boyfriend,,,Fool,,,,drugs,,,informs,,,fears,,,,,,,,,,,,,,,,,,,,1,1,37,,1,,,,,,,2,5,,7,1,2,4,2,,6,,none,1,,,,,,,,,,,,,,,,,,,,,,,,,,,,,,,,,,,,,,,,,,,,,,,,,,,,,,,,,,,,,,,,,,,,,,,,,,,,,,,,,,,,,,,,,,,,,,,,,,,,,,,,,,,,,,41.013793945312,-74.122802734375,-1,
R_8dMAN0Mm1z0kLSB,Default Response Set,Anonymous,,,108.222.241.105,0,2014-07-09 15:17:43,2014-07-09 15:23:48,1,2173087,1,1,1,2,2,2,2,1,1,2,1,lawyer,frightened,client,1,,,,,,,,,,,,,,,,,,,,,,,,,,,,,,,,,,,,,,,,,,,,,,,,,,,,,,,,,,,,,,,,,,,,,,,,,,,,,,,,,,,,,,,,,,,,examines,,,,mark,,imitates,,,harms,,teacher,,,,taunts,,1,1,27,,1,,,,,,,2,5,,3,1,2,1,1,,1,,,1,,,,,,,,,,,,,,,,,,,,,,,,,,,,,,,,,,,,,,,,,,,,,,,,,,,,,,,,,,,,,,,,,,,,,,,,,,,,,,,,,,,,,,,,,,,,,,,,,,,,,,,,,,,,,,29.751007080078,-95.612998962402,-1,
R_0D83u95bLmkfgYB,Default Response Set,Anonymous,,,65.60.215.7,0,2014-07-09 15:20:44,2014-07-09 15:24:00,1,4139032,1,1,1,2,1,1,2,2,1,1,1,,comforted,,1,,,,,,,,,,,,,,,,,,,,,,,,,,,,,,,,,,,,,,,,,,,,,,,,,,,,,,,,,ceo,coach,,,,pampers,,,soothes,,,praises,,,,libriarian,,,,,,,,,,,,,,,,,,,,,,,,,,,,,,,,,,,,,1,2,34,,1,,,,,,,2,3,,5,1,2,4,2,,7,,,1,,,,,,,,,,,,,,,,,,,,,,,,,,,,,,,,,,,,,,,,,,,,,,,,,,,,,,,,,,,,,,,,,,,,,,,,,,,,,,,,,,,,,,,,,,,,,,,,,,,,,,,,,,,,,,40.085296630859,-82.975196838379,-1,
R_8x3mBWnaogmwxlX,Default Response Set,Anonymous,,,67.0.148.188,0,2014-07-09 15:25:57,2014-07-09 15:36:52,1,8293768,1,1,1,2,2,2,2,2,1,1,1,,harrassed,,1,,,,,,,,,,,,,,,,,,,,confused,,,,thief,,kicked-out,,gold-digger,,,,,patient,,,wife,,,,,,,,,,,,,,,,,,,,,,,,,,,,,,,,,,,,,,,,,,,,,,,,,,,,,,,,,,,,,,,,,,,,,,,,,1,2,38,,1,,,,,,,2,3,,7,1,2,3,1,,1,,none,1,,,,,,,,,,,,,,,,,,,,,,,,,,,,,,,,,,,,,,,,,,,,,,,,,,,,,,,,,,,,,,,,,,,,,,,,,,,,,,,,,,,,,,,,,,,,,,,,,,,,,,,,,,,,,,35.246704101562,-106.72319793701,-1,
R_6ndkW4TEwUE2233,Default Response Set,Anonymous,,,149.149.131.92,0,2014-07-09 15:37:25,2014-07-09 15:41:26,1,944099,1,1,1,2,1,1,2,2,1,2,1,,,,1,,,,,,,,,,,,,,,,,,,,,,,,,,,,,,,,,,,,,,scolds,,,assisted,,,,simpering child,,,moody person,,scolds,,,helps,,,,,,,,,,,,,,,,,,,,,,,,,,,,,,,,,,,,,,,,,,,,,,,,,,,,,,,,1,2,27,,1,,,,,,,2,5,,6,1,2,3,4,,5,,I enjoyed the exercise in language.,1,,,,,,,,,,,,,,,,,,,,,,,,,,,,,,,,,,,,,,,,,,,,,,,,,,,,,,,,,,,,,,,,,,,,,,,,,,,,,,,,,,,,,,,,,,,,,,,,,,,,,,,,,,,,,,36.141799926758,-85.454803466797,-1,
R_5j49nNAWf9fFE1f,Default Response Set,Anonymous,,,67.215.230.84,0,2014-07-09 15:38:32,2014-07-09 15:43:10,1,810970,1,1,1,2,1,2,1,2,2,1,1,Lawyer,helped,client,1,Bartender,attacked,thief,Boy-scout,embarrassed,himself,Bouncer,pushed,drunk,Man,hoodwinked,tightwad,Counselor,inspired,truant,Adulterer,called,call-girl,,,,,,,,,,,,,,,,,,,,,,,,,,,,,,,,,,,,,,,,,,,,,,,,,,,,,,,,,,,,,,,,,,,,,,,,,,,,,,,,,,,,,,,,,,,1,2,29,,1,,,1,,,,2,4,,6,1,2,2,1,,2,,,1,,,,,,,,,,,,,,,,,,,,,,,,,,,,,,,,,,,,,,,,,,,,,,,,,,,,,,,,,,,,,,,,,,,,,,,,,,,,,,,,,,,,,,,,,,,,,,,,,,,,,,,,,,,,,,33.763305664062,-117.79420471191,-1,
R_eG5gCemXj4QE6Xj,Default Response Set,Anonymous,,,76.177.133.120,0,2014-07-09 15:07:52,2014-07-09 15:49:50,1,3432224,1,1,1,,1,1,1,2,1,1,1,,,,1,,,,,,,,,,,,,,,,,,,,,,,,,,,,,,,,,,,,,,,,,,,,,,,,,,,,,,,,reveals,,,coaches,,,,newbie,,,man,Loud-mouth,,,,,girlfriend.,,,,,,,,,,,,,,,,,,,,,,,,,,,,,,,,,,,,,1,2,26,,1,,,,,,,2,5,,4,2,2,2,2,,5,,,1,,,,,,,,,,,,,,,,,,,,,,,,,,,,,,,,,,,,,,,,,,,,,,,,,,,,,,,,,,,,,,,,,,,,,,,,,,,,,,,,,,,,,,,,,,,,,,,,,,,,,,,,,,,,,,37.574203491211,-84.269996643066,-1,
R_a994Oqd5w4RXgHj,Default Response Set,Anonymous,,,99.120.178.94,0,2014-07-09 15:47:10,2014-07-09 15:57:36,1,7708306,1,1,1,2,1,2,2,2,1,1,1,,worried ,,1,,,,,,,,,,,,,,,,,,,,,,,,,,,,,,,,,,,,,,,,,,,,,,,,,,,,,,,,,,,,,,,,,,,,,,,,,,listens to ,,,lies to ,,,enjoys,,,hurts ,,,convinces ,,,angers ,,,,,,,,,,,,,,,,,,,,1,1,32,,1,,,,,,,2,2,,2,1,2,4,3,,5,,That task was very interesting and was different than any other I had done on here before. I found it much more difficult than I had expected though. But it was fun.  ,1,,,,,,,,,,,,,,,,,,,,,,,,,,,,,,,,,,,,,,,,,,,,,,,,,,,,,,,,,,,,,,,,,,,,,,,,,,,,,,,,,,,,,,,,,,,,,,,,,,,,,,,,,,,,,,36.312606811523,-95.616096496582,-1,
R_3ma38nohWJwrCxn,Default Response Set,Anonymous,,,209.194.2.130,0,2014-07-09 15:59:43,2014-07-09 16:03:45,1,8474734,1,1,1,2,1,2,2,2,1,1,1,,hounded,,1,,,,,,,,,,,,,,,,,,,,,,,,,,,,,,,,,,,,,Woman,,,,beats,,Mother,,,,scolds,,,ignores,,,,student,,,,,,,,,,,,,,,,,,,,,,,,,,,,,,,,,,,,,,,,,,,,,,,,,,,,,,,1,1,29,,1,,,,,,,2,5,,6,1,1,1,1,,5,,Thank you,1,,,,,,,,,,,,,,,,,,,,,,,,,,,,,,,,,,,,,,,,,,,,,,,,,,,,,,,,,,,,,,,,,,,,,,,,,,,,,,,,,,,,,,,,,,,,,,,,,,,,,,,,,,,,,,33.520706176758,-86.80249786377,-1,
R_8ueBQJPIA5CUJuZ,Default Response Set,Anonymous,,,38.122.252.146,0,2014-07-09 15:54:31,2014-07-09 16:05:24,1,1878048,1,1,1,2,2,2,2,2,1,2,1,robber,terrorized,client,1,,,,,,,,,,,,,,,,,,,,,,,,,,,,,,,,,,,,,,,,,,,,,,,,,,,,,,,,,,,,,,,,,,,,,,,,,,,,,,,,,,,,,,,,,,,Doctor,Submits to,laws,gambler,trick,gold-digger,people,admires,daredevil,Drugs, poisons,addict,Leader,persuades,cynic,criminal,provoke,vigilante,1,1,25,,1,,,,,,,2,6,,4,1,2,4,2,,6,,,1,,,,,,,,,,,,,,,,,,,,,,,,,,,,,,,,,,,,,,,,,,,,,,,,,,,,,,,,,,,,,,,,,,,,,,,,,,,,,,,,,,,,,,,,,,,,,,,,,,,,,,,,,,,,,,42.3583984375,-71.059799194336,-1,
R_2b1wdp5rp3Nc7xb,Default Response Set,Anonymous,,,99.29.2.121,0,2014-07-09 15:37:43,2014-07-09 16:30:01,1,1249208,1,1,1,2,1,2,2,2,2,2,1,,intimidated,,1,,assaulted,,,caught,,,escorted,,,,girl,teacher,,,,,wife,,,,,,,,,,,,,,,,,,,,,,,,,,,,,,,,,,,,,,,,,,,,,,,,,,,,,,,,,,,,,,,,,,,,,,,,,,,,,,,,,,,,,,,,,,,1,1,23,,,1,,,,,,2,5,,5,2,2,4,5,,7,,,1,,,,,,,,,,,,,,,,,,,,,,,,,,,,,,,,,,,,,,,,,,,,,,,,,,,,,,,,,,,,,,,,,,,,,,,,,,,,,,,,,,,,,,,,,,,,,,,,,,,,,,,,,,,,,,42.91340637207,-85.705299377441,-1,
R_eKYwxTHItkB2FeJ,Default Response Set,Anonymous,,,97.114.73.170,0,2014-07-09 16:13:27,2014-07-09 16:37:21,1,8908699,1,1,1,1,1,1,2,2,1,2,1,Lawyer,horrified ,client ,1,,,,,,,,,,,,,,,,,,,,confused,,,,sneakers,,escorted,,,kissed,,,,child,Man,,,,,,,,,,,,,,,,,,,,,,,,,,,,,,,,,,,,,,,,,,,,,,,,,,,,,,,,,,,,,,,,,,,,,,,,,,,1,1,25,,1,,,,,,,2,4,,6,1,2,1,1,,2,,,1,,,,,,,,,,,,,,,,,,,,,,,,,,,,,,,,,,,,,,,,,,,,,,,,,,,,,,,,,,,,,,,,,,,,,,,,,,,,,,,,,,,,,,,,,,,,,,,,,,,,,,,,,,,,,,47.659698486328,-117.42910003662,-1,
R_e9Cx9oinpb6jP5b,Default Response Set,Anonymous,,,24.34.214.47,0,2014-07-09 16:37:38,2014-07-09 16:42:05,1,9043692,1,1,1,2,1,2,2,2,1,2,1,,,,1,,,,,,,,,,,,,,,,,,,,,,,,,,,,,,,,,,,,,,,,,,,,,,,,,,,,,,,,,,,,,,,,,,,,,,,,,,,,,,,,,,,,,,,,,,,,defers to,,rich man,,,teenager,,,dealer,,,,convinces,,drunk,,,1,1,24,,1,,,,,,,2,5,,5,1,2,4,5,,6,,"This survey was a bit odd, and I am not sure exactly what you were looking for, but I gave it my best effort!",1,,,,,,,,,,,,,,,,,,,,,,,,,,,,,,,,,,,,,,,,,,,,,,,,,,,,,,,,,,,,,,,,,,,,,,,,,,,,,,,,,,,,,,,,,,,,,,,,,,,,,,,,,,,,,,42.7958984375,-71.056999206543,-1,
R_eKxXLwL4ICg9GDz,Default Response Set,Anonymous,,,24.163.40.174,0,2014-07-09 16:42:03,2014-07-09 16:47:35,1,491626,1,1,1,2,1,2,2,2,1,1,1,client,terrorized,lawyer,1,,,,,,,,,,,,,,,,,,,,,,,,,,,,,,,,,,,,,bigshot,exposes,girlfriend,weakling,advised,friend,teacher,ignores,student,friend,criticizes,parents,introvert,curses,society,professor,pampers,car,,,,,,,,,,,,,,,,,,,,,,,,,,,,,,,,,,,,,,,,,,,,,,,,,,,,,,,1,1,33,,1,,,,,,,2,5,,5,1,2,4,4,,5,,,1,,,,,,,,,,,,,,,,,,,,,,,,,,,,,,,,,,,,,,,,,,,,,,,,,,,,,,,,,,,,,,,,,,,,,,,,,,,,,,,,,,,,,,,,,,,,,,,,,,,,,,,,,,,,,,36.373397827148,-78.103897094727,-1,
R_8dX6GuH5nD8VfZr,Default Response Set,Anonymous,,,76.109.15.202,0,2014-07-09 15:51:55,2014-07-09 17:01:22,1,5497390,1,1,1,2,2,2,1,2,1,2,1,,,,1,,,,,,,,,,,,,,,,,,,,,,,,,,,,,,,,,,,,,,,,,,,,,,,,,,,,,,,,,,,,,,,,,,,,,,,,,physician,allows,caretaker,spender,lie,honey,sketch,likes,fool,toucher,kills,lad,secure,pushes,wait,idiot,irritates,mob,,,,,,,,,,,,,,,,,,,1,2,31,,1,,,,,,,2,5,,4,2,2,1,5,,7,,none,1,,,,,,,,,,,,,,,,,,,,,,,,,,,,,,,,,,,,,,,,,,,,,,,,,,,,,,,,,,,,,,,,,,,,,,,,,,,,,,,,,,,,,,,,,,,,,,,,,,,,,,,,,,,,,,26.721206665039,-80.092498779297,-1,
R_82i8sjXSQj53o45,Default Response Set,Anonymous,,,76.122.175.210,0,2014-07-09 16:59:49,2014-07-09 17:02:52,1,6229997,1,1,1,2,1,2,2,2,2,1,1,,,,1,,,,,,,,,,,,,,,,,,,,served,,Police,,,,removed,,,,man,,,student,,,wife,,,,,,,,,,,,,,,,,,,,,,,,,,,,,,,,,,,,,,,,,,,,,,,,,,,,,,,,,,,,,,,,,,,,,,,,,1,2,20,,1,,,,,,,1,3,,9,1,1,4,2,,7,,,1,,,,,,,,,,,,,,,,,,,,,,,,,,,,,,,,,,,,,,,,,,,,,,,,,,,,,,,,,,,,,,,,,,,,,,,,,,,,,,,,,,,,,,,,,,,,,,,,,,,,,,,,,,,,,,42.929397583008,-85.545600891113,-1,
R_eXIW3um7rJGTk5D,Default Response Set,Anonymous,,,71.50.86.116,0,2014-07-09 17:17:21,2014-07-09 17:25:10,1,8772830,1,1,1,2,1,2,1,2,1,1,1,,startled ,,1,,,,,,,,,,,,,,,,,,,,,,,,,,,,,,,,,,,,,,,,,,,,,,,,,,,,,,,,,government offical ,Mentor,,,,,young person,,,cheap-skate ,Tenant  ,,,,,crush ,,,,,,,,,,,,,,,,,,,,,,,,,,,,,,,,,,,,,1,1,22,,1,,,,,,,2,2,,1,2,2,2,1,,5,,None,1,,,,,,,,,,,,,,,,,,,,,,,,,,,,,,,,,,,,,,,,,,,,,,,,,,,,,,,,,,,,,,,,,,,,,,,,,,,,,,,,,,,,,,,,,,,,,,,,,,,,,,,,,,,,,,36.175003051758,-115.13719940186,-1,
R_0kCFu2NuGRlrcvH,Default Response Set,Anonymous,,,86.180.180.121,0,2014-07-09 17:27:07,2014-07-09 17:33:02,1,1541115,1,1,1,2,1,1,1,2,1,2,1,,assisted,,1,,confronted,,,,girl,,removed,,Loan shark,,,,,client,,used,,,,,,,,,,,,,,,,,,,,,,,,,,,,,,,,,,,,,,,,,,,,,,,,,,,,,,,,,,,,,,,,,,,,,,,,,,,,,,,,,,,,,,,,,,,,1,2,27,,1,,,,,,,2,6,,5,1,2,4,3,,9,Southeast ,,1,,,,,,,,,,,,,,,,,,,,,,,,,,,,,,,,,,,,,,,,,,,,,,,,,,,,,,,,,,,,,,,,,,,,,,,,,,,,,,,,,,,,,,,,,,,,,,,,,,,,,,,,,,,,,,53.626907348633,-2.3430023193359,-1,
R_5w1cO94a77Nly5L,Default Response Set,Anonymous,,,76.29.249.177,0,2014-07-09 17:46:36,2014-07-09 17:52:57,1,9517433,1,1,1,,1,2,2,2,1,2,1,,,,1,,,,,,,,,,,,,,,,,,,,berated,,,caught,,,removed,,Beggar,,,Judge,,,,hired,,,,,,,,,,,,,,,,,,,,,,,,,,,,,,,,,,,,,,,,,,,,,,,,,,,,,,,,,,,,,,,,,,,,,,,,,,1,1,33,,1,,,,,,,2,2,,4,2,2,4,4,,5,,N/A,1,,,,,,,,,,,,,,,,,,,,,,,,,,,,,,,,,,,,,,,,,,,,,,,,,,,,,,,,,,,,,,,,,,,,,,,,,,,,,,,,,,,,,,,,,,,,,,,,,,,,,,,,,,,,,,34.831497192383,-87.666397094727,-1,
R_eKZWPOjqtPwO73f,Default Response Set,Anonymous,,,50.13.112.73,0,2014-07-09 18:08:11,2014-07-09 18:14:41,1,1261599,1,1,1,2,1,2,2,2,1,1,1,,,,1,,,,,,,,,,,,,,,,,,,,,,,,,,,,,,,,,,,,,,,husband,Trainer,,,,,student,,admonishes,,tenant,,,husband,,,,,,,,,,,,,,,,,,,,,,,,,,,,,,,,,,,,,,,,,,,,,,,,,,,,,,,,,1,1,59,,1,,,,,,,2,5,,3,2,2,4,2,,7,,,1,,,,,,,,,,,,,,,,,,,,,,,,,,,,,,,,,,,,,,,,,,,,,,,,,,,,,,,,,,,,,,,,,,,,,,,,,,,,,,,,,,,,,,,,,,,,,,,,,,,,,,,,,,,,,,41.499496459961,-81.69539642334,-1,
